entity_name,principal_name,address,discovery_source,source_url,entity_type,aum_range,raw_payload
"EMFO, LLC","EMFO, LLC","2700 S COMMERCE PARKWAY, WESTON, FL, 33331",SEC EDGAR,https://www.sec.gov/Archives/edgar/data/1859434/000185943424000002/primary_doc.xml,,,"{""entity_name"": ""EMFO, LLC"", ""principal_name"": ""EMFO, LLC"", ""address"": ""2700 S COMMERCE PARKWAY, WESTON, FL, 33331""}"
"Wilshire Private Markets Family Office Fund II, L.P.","Wilshire Private Markets Family Office Fund II, L.P.",,SEC EDGAR,https://www.sec.gov/Archives/edgar/data/1634667/000163466715000001/primary_doc.xml,,,"{""entity_name"": ""Wilshire Private Markets Family Office Fund II, L.P."", ""principal_name"": ""Wilshire Private Markets Family Office Fund II, L.P."", ""address"": null}"
"Synapse Ventures II, LP","Synapse Ventures II, LP",,SEC EDGAR,https://www.sec.gov/Archives/edgar/data/1807006/000180700620000001/primary_doc.xml,,,"{""entity_name"": ""Synapse Ventures II, LP"", ""principal_name"": ""Synapse Ventures II, LP"", ""address"": null}"
"Geller Multi-Vintage I, LLC","Geller Multi-Vintage I, LLC",,SEC EDGAR,https://www.sec.gov/Archives/edgar/data/1592557/000091957414000267/primary_doc.xml,,,"{""entity_name"": ""Geller Multi-Vintage I, LLC"", ""principal_name"": ""Geller Multi-Vintage I, LLC"", ""address"": null}"
"TFO Purpose Fund, LP","TFO Purpose Fund, LP",,SEC EDGAR,https://www.sec.gov/Archives/edgar/data/1807008/000180700821000001/primary_doc.xml,,,"{""entity_name"": ""TFO Purpose Fund, LP"", ""principal_name"": ""TFO Purpose Fund, LP"", ""address"": null}"
Geller Select Alternatives LLC,Geller Select Alternatives LLC,,SEC EDGAR,https://www.sec.gov/Archives/edgar/data/1574527/000091957413003058/primary_doc.xml,,,"{""entity_name"": ""Geller Select Alternatives LLC"", ""principal_name"": ""Geller Select Alternatives LLC"", ""address"": null}"
"TFO Synapse Venture Fund I, LP","TFO Synapse Venture Fund I, LP",,SEC EDGAR,https://www.sec.gov/Archives/edgar/data/1743723/000174372318000001/primary_doc.xml,,,"{""entity_name"": ""TFO Synapse Venture Fund I, LP"", ""principal_name"": ""TFO Synapse Venture Fund I, LP"", ""address"": null}"
JUGGERNAUT FUND LP,JUGGERNAUT FUND LP,,SEC EDGAR,https://www.sec.gov/Archives/edgar/data/1219173/000121917319000001/primary_doc.xml,,,"{""entity_name"": ""JUGGERNAUT FUND LP"", ""principal_name"": ""JUGGERNAUT FUND LP"", ""address"": null}"
NO MARGIN FUND LP,NO MARGIN FUND LP,,SEC EDGAR,https://www.sec.gov/Archives/edgar/data/884674/000088467426000001/primary_doc.xml,,,"{""entity_name"": ""NO MARGIN FUND LP"", ""principal_name"": ""NO MARGIN FUND LP"", ""address"": null}"
"ECM-GF Co-Investors, LLC","ECM-GF Co-Investors, LLC",,SEC EDGAR,https://www.sec.gov/Archives/edgar/data/1963556/000196355623000002/primary_doc.xml,,,"{""entity_name"": ""ECM-GF Co-Investors, LLC"", ""principal_name"": ""ECM-GF Co-Investors, LLC"", ""address"": null}"
CHARTWELL FAMILY FUND LP,CHARTWELL FAMILY FUND LP,,SEC EDGAR,https://www.sec.gov/Archives/edgar/data/1076794/000093583617000143/primary_doc.xml,,,"{""entity_name"": ""CHARTWELL FAMILY FUND LP"", ""principal_name"": ""CHARTWELL FAMILY FUND LP"", ""address"": null}"
CHURCHILL FAMILY FUND TFI LP,CHURCHILL FAMILY FUND TFI LP,,SEC EDGAR,https://www.sec.gov/Archives/edgar/data/1257767/000093583609000487/primary_doc.xml,,,"{""entity_name"": ""CHURCHILL FAMILY FUND TFI LP"", ""principal_name"": ""CHURCHILL FAMILY FUND TFI LP"", ""address"": null}"
"Chartwell Family ETF Fund, L.P.","Chartwell Family ETF Fund, L.P.",,SEC EDGAR,https://www.sec.gov/Archives/edgar/data/1652422/000093583615000479/primary_doc.xml,,,"{""entity_name"": ""Chartwell Family ETF Fund, L.P."", ""principal_name"": ""Chartwell Family ETF Fund, L.P."", ""address"": null}"
Lazard Long/Short Equity Strategies LP,Lazard Long/Short Equity Strategies LP,,SEC EDGAR,https://www.sec.gov/Archives/edgar/data/1621189/000162118924000003/primary_doc.xml,,,"{""entity_name"": ""Lazard Long/Short Equity Strategies LP"", ""principal_name"": ""Lazard Long/Short Equity Strategies LP"", ""address"": null}"
"Atlas Friends & Family Holdings, LLC","Atlas Friends & Family Holdings, LLC",,SEC EDGAR,https://www.sec.gov/Archives/edgar/data/1883872/000188387221000001/primary_doc.xml,,,"{""entity_name"": ""Atlas Friends & Family Holdings, LLC"", ""principal_name"": ""Atlas Friends & Family Holdings, LLC"", ""address"": null}"
"Patel Family Holdings, LP","Patel Family Holdings, LP",,SEC EDGAR,https://www.sec.gov/Archives/edgar/data/1721637/000172163717000001/primary_doc.xml,,,"{""entity_name"": ""Patel Family Holdings, LP"", ""principal_name"": ""Patel Family Holdings, LP"", ""address"": null}"
KV Family Holdings LLC,KV Family Holdings LLC,,SEC EDGAR,https://www.sec.gov/Archives/edgar/data/2085046/000208504626000001/primary_doc.xml,,,"{""entity_name"": ""KV Family Holdings LLC"", ""principal_name"": ""KV Family Holdings LLC"", ""address"": null}"
"MOCA FAMILY HOLDINGS, LLC","MOCA FAMILY HOLDINGS, LLC",,SEC EDGAR,https://www.sec.gov/Archives/edgar/data/2104199/000210419926000001/primary_doc.xml,,,"{""entity_name"": ""MOCA FAMILY HOLDINGS, LLC"", ""principal_name"": ""MOCA FAMILY HOLDINGS, LLC"", ""address"": null}"
"Log Still Dant Family Holdings, LLC","Log Still Dant Family Holdings, LLC",,SEC EDGAR,https://www.sec.gov/Archives/edgar/data/1835988/000183598824000003/primary_doc.xml,,,"{""entity_name"": ""Log Still Dant Family Holdings, LLC"", ""principal_name"": ""Log Still Dant Family Holdings, LLC"", ""address"": null}"
"Global Family Holdings, LLC","Global Family Holdings, LLC",,SEC EDGAR,https://www.sec.gov/Archives/edgar/data/1903338/000190333822000001/primary_doc.xml,,,"{""entity_name"": ""Global Family Holdings, LLC"", ""principal_name"": ""Global Family Holdings, LLC"", ""address"": null}"
Chameleonic Family Holdings,Chameleonic Family Holdings,,SEC EDGAR,https://www.sec.gov/Archives/edgar/data/2094549/000149315225020368/primary_doc.xml,,,"{""entity_name"": ""Chameleonic Family Holdings"", ""principal_name"": ""Chameleonic Family Holdings"", ""address"": null}"
"Castanea Family Holdings IV, LLC","Castanea Family Holdings IV, LLC",,SEC EDGAR,https://www.sec.gov/Archives/edgar/data/1619947/000162025714000001/primary_doc.xml,,,"{""entity_name"": ""Castanea Family Holdings IV, LLC"", ""principal_name"": ""Castanea Family Holdings IV, LLC"", ""address"": null}"
"Home Surplus Holdings, LLC","Home Surplus Holdings, LLC",,SEC EDGAR,https://www.sec.gov/Archives/edgar/data/1927720/000143774922014443/primary_doc.xml,,,"{""entity_name"": ""Home Surplus Holdings, LLC"", ""principal_name"": ""Home Surplus Holdings, LLC"", ""address"": null}"
"Ayers Energy Holdings II, LLC","Ayers Energy Holdings II, LLC",,SEC EDGAR,https://www.sec.gov/Archives/edgar/data/2038481/000203848124000001/primary_doc.xml,,,"{""entity_name"": ""Ayers Energy Holdings II, LLC"", ""principal_name"": ""Ayers Energy Holdings II, LLC"", ""address"": null}"
GOAT Farm Enterprises LLC,GOAT Farm Enterprises LLC,,SEC EDGAR,https://www.sec.gov/Archives/edgar/data/2123726/000212372626000001/primary_doc.xml,,,"{""entity_name"": ""GOAT Farm Enterprises LLC"", ""principal_name"": ""GOAT Farm Enterprises LLC"", ""address"": null}"
"Tribeca Family LP 1, LLC","Tribeca Family LP 1, LLC",,SEC EDGAR,https://www.sec.gov/Archives/edgar/data/2105751/000210575126000001/primary_doc.xml,,,"{""entity_name"": ""Tribeca Family LP 1, LLC"", ""principal_name"": ""Tribeca Family LP 1, LLC"", ""address"": null}"
FENIMORE ASSET MANAGEMENT INC  (CIK 0000884566),,,SEC EDGAR,https://www.sec.gov/Archives/edgar/data/884566/000090901201000078/primary_doc.xml,,,"{""entity_name"": ""FENIMORE ASSET MANAGEMENT INC  (CIK 0000884566)"", ""principal_name"": null, ""address"": null}"
DALTON GREINER HARTMAN MAHER & CO INC  (CIK 0000866842),,,SEC EDGAR,https://www.sec.gov/Archives/edgar/data/866842/000086684201500003/primary_doc.xml,,,"{""entity_name"": ""DALTON GREINER HARTMAN MAHER & CO INC  (CIK 0000866842)"", ""principal_name"": null, ""address"": null}"
FRIEDMAN BILLINGS RAMSEY INVESTMENT MANAGEMENT INC /  (CIK 0001008875),,,SEC EDGAR,https://www.sec.gov/Archives/edgar/data/1008875/000100887501500003/primary_doc.xml,,,"{""entity_name"": ""FRIEDMAN BILLINGS RAMSEY INVESTMENT MANAGEMENT INC /  (CIK 0001008875)"", ""principal_name"": null, ""address"": null}"
Union Bankshares Corp,Union Bankshares Corp,"1051 East Cary Street, Richmond, VA, 23219",SEC EDGAR,https://www.sec.gov/Archives/edgar/data/883948/000114420417019871/primary_doc.xml,,,"{""entity_name"": ""Union Bankshares Corp"", ""principal_name"": ""Union Bankshares Corp"", ""address"": ""1051 East Cary Street, Richmond, VA, 23219""}"
TTF/FA  (CIK 0001134813),,,SEC EDGAR,https://www.sec.gov/Archives/edgar/data/1134813/000113481301500002/primary_doc.xml,,,"{""entity_name"": ""TTF/FA  (CIK 0001134813)"", ""principal_name"": null, ""address"": null}"
BANCORPSOUTH INC  (CIK 0000701853),,,SEC EDGAR,https://www.sec.gov/Archives/edgar/data/701853/000095012310105800/primary_doc.xml,,,"{""entity_name"": ""BANCORPSOUTH INC  (CIK 0000701853)"", ""principal_name"": null, ""address"": null}"
ROCKEFELLER FINANCIAL SERVICES INC  (CIK 0000869878),,,SEC EDGAR,https://www.sec.gov/Archives/edgar/data/869878/000031512301500007/primary_doc.xml,,,"{""entity_name"": ""ROCKEFELLER FINANCIAL SERVICES INC  (CIK 0000869878)"", ""principal_name"": null, ""address"": null}"
LOEB ARBITRAGE MANAGEMENT INC  (CIK 0001056569),,,SEC EDGAR,https://www.sec.gov/Archives/edgar/data/1056569/000089155401500791/primary_doc.xml,,,"{""entity_name"": ""LOEB ARBITRAGE MANAGEMENT INC  (CIK 0001056569)"", ""principal_name"": null, ""address"": null}"
WELLINGTON MANAGEMENT CO LLP  (CIK 0000902219),,,SEC EDGAR,https://www.sec.gov/Archives/edgar/data/902219/000090221901000476/primary_doc.xml,,,"{""entity_name"": ""WELLINGTON MANAGEMENT CO LLP  (CIK 0000902219)"", ""principal_name"": null, ""address"": null}"
SCHWAB CHARLES INVESTMENT MANAGEMENT INC  (CIK 0000884546),,,SEC EDGAR,https://www.sec.gov/Archives/edgar/data/884546/000091205701004584/primary_doc.xml,,,"{""entity_name"": ""SCHWAB CHARLES INVESTMENT MANAGEMENT INC  (CIK 0000884546)"", ""principal_name"": null, ""address"": null}"
FRANKLIN RESOURCES INC  (BEN)  (CIK 0000038777),,,SEC EDGAR,https://www.sec.gov/Archives/edgar/data/38777/000003877701500016/primary_doc.xml,,,"{""entity_name"": ""FRANKLIN RESOURCES INC  (BEN)  (CIK 0000038777)"", ""principal_name"": null, ""address"": null}"
TIAA CREF INVESTMENT MANAGEMENT LLC  (CIK 0000887793),,,SEC EDGAR,https://www.sec.gov/Archives/edgar/data/887793/000088779301000005/primary_doc.xml,,,"{""entity_name"": ""TIAA CREF INVESTMENT MANAGEMENT LLC  (CIK 0000887793)"", ""principal_name"": null, ""address"": null}"
WORLD ASSET MANAGEMENT LLC  (CIK 0000945628),,,SEC EDGAR,https://www.sec.gov/Archives/edgar/data/945628/000095012401501083/primary_doc.xml,,,"{""entity_name"": ""WORLD ASSET MANAGEMENT LLC  (CIK 0000945628)"", ""principal_name"": null, ""address"": null}"
TEACHERS ADVISORS INC  (CIK 0000939222),,,SEC EDGAR,https://www.sec.gov/Archives/edgar/data/939222/000088779301500028/primary_doc.xml,,,"{""entity_name"": ""TEACHERS ADVISORS INC  (CIK 0000939222)"", ""principal_name"": null, ""address"": null}"
FLEETBOSTON FINANCIAL CORP  (CIK 0000050341),,,SEC EDGAR,https://www.sec.gov/Archives/edgar/data/50341/000100547701001178/primary_doc.xml,,,"{""entity_name"": ""FLEETBOSTON FINANCIAL CORP  (CIK 0000050341)"", ""principal_name"": null, ""address"": null}"
BARCLAYS GLOBAL INVESTORS NA /CA/  (CIK 0000913414),,,SEC EDGAR,https://www.sec.gov/Archives/edgar/data/913414/000091341401500002/primary_doc.xml,,,"{""entity_name"": ""BARCLAYS GLOBAL INVESTORS NA /CA/  (CIK 0000913414)"", ""principal_name"": null, ""address"": null}"
"Woodlock Family Capital, L.P.","Woodlock Family Capital, L.P.",,SEC EDGAR,https://www.sec.gov/Archives/edgar/data/1759792/000175979223000001/primary_doc.xml,,,"{""entity_name"": ""Woodlock Family Capital, L.P."", ""principal_name"": ""Woodlock Family Capital, L.P."", ""address"": null}"
"Slack Family Capital Burst II, a series of Slack Family Capital Burst, LP","Slack Family Capital Burst II, a series of Slack Family Capital Burst, LP",,SEC EDGAR,https://www.sec.gov/Archives/edgar/data/1892510/000189251021000001/primary_doc.xml,,,"{""entity_name"": ""Slack Family Capital Burst II, a series of Slack Family Capital Burst, LP"", ""principal_name"": ""Slack Family Capital Burst II, a series of Slack Family Capital Burst, LP"", ""address"": null}"
"Slack Family Capital Burst I, a Series of Slack Family Capital Burst, LP","Slack Family Capital Burst I, a Series of Slack Family Capital Burst, LP",,SEC EDGAR,https://www.sec.gov/Archives/edgar/data/1854771/000185477121000002/primary_doc.xml,,,"{""entity_name"": ""Slack Family Capital Burst I, a Series of Slack Family Capital Burst, LP"", ""principal_name"": ""Slack Family Capital Burst I, a Series of Slack Family Capital Burst, LP"", ""address"": null}"
"Friends & Family Capital IV, L.P.","Friends & Family Capital IV, L.P.",,SEC EDGAR,https://www.sec.gov/Archives/edgar/data/2116015/000211601526000001/primary_doc.xml,,,"{""entity_name"": ""Friends & Family Capital IV, L.P."", ""principal_name"": ""Friends & Family Capital IV, L.P."", ""address"": null}"
"PA Fund I, a series of C&S Family Capital SPVs, LP","PA Fund I, a series of C&S Family Capital SPVs, LP",,SEC EDGAR,https://www.sec.gov/Archives/edgar/data/1940618/000194061822000002/primary_doc.xml,,,"{""entity_name"": ""PA Fund I, a series of C&S Family Capital SPVs, LP"", ""principal_name"": ""PA Fund I, a series of C&S Family Capital SPVs, LP"", ""address"": null}"
"Slack Family Capital III, LP","Slack Family Capital III, LP",,SEC EDGAR,https://www.sec.gov/Archives/edgar/data/1925036/000192503624000001/primary_doc.xml,,,"{""entity_name"": ""Slack Family Capital III, LP"", ""principal_name"": ""Slack Family Capital III, LP"", ""address"": null}"
"Slack Family Capital, a series of Angel Deal Holdings, LP","Slack Family Capital, a series of Angel Deal Holdings, LP",,SEC EDGAR,https://www.sec.gov/Archives/edgar/data/1805323/000180532320000003/primary_doc.xml,,,"{""entity_name"": ""Slack Family Capital, a series of Angel Deal Holdings, LP"", ""principal_name"": ""Slack Family Capital, a series of Angel Deal Holdings, LP"", ""address"": null}"
"Quinn Slack ABC Burst VI, a series of Slack Family Capital Burst, LP","Quinn Slack ABC Burst VI, a series of Slack Family Capital Burst, LP",,SEC EDGAR,https://www.sec.gov/Archives/edgar/data/2038086/000203808624000002/primary_doc.xml,,,"{""entity_name"": ""Quinn Slack ABC Burst VI, a series of Slack Family Capital Burst, LP"", ""principal_name"": ""Quinn Slack ABC Burst VI, a series of Slack Family Capital Burst, LP"", ""address"": null}"
"TBFC Monroe Holdings, LLC","TBFC Monroe Holdings, LLC",,SEC EDGAR,https://www.sec.gov/Archives/edgar/data/2026263/000104216724000045/primary_doc.xml,,,"{""entity_name"": ""TBFC Monroe Holdings, LLC"", ""principal_name"": ""TBFC Monroe Holdings, LLC"", ""address"": null}"
"FAMILY CAPITAL TRUST CO., NA  (CIK 0001123320)",,,SEC EDGAR,https://www.sec.gov/Archives/edgar/data/1123320/000114036109009974/primary_doc.xml,,,"{""entity_name"": ""FAMILY CAPITAL TRUST CO., NA  (CIK 0001123320)"", ""principal_name"": null, ""address"": null}"
"Safe Harbor Family Capital, LLC","Safe Harbor Family Capital, LLC","123 WEST FRANKLIN STREET, CHAPEL HILL, NC, 27516",SEC EDGAR,https://www.sec.gov/Archives/edgar/data/2065810/000139834426001739/primary_doc.xml,,,"{""entity_name"": ""Safe Harbor Family Capital, LLC"", ""principal_name"": ""Safe Harbor Family Capital, LLC"", ""address"": ""123 WEST FRANKLIN STREET, CHAPEL HILL, NC, 27516""}"
"Family Capital Management, Inc.","Family Capital Management, Inc.","168 LOUIS CAMPAU PROMENADE NW, GRAND RAPIDS, MI, 49503",SEC EDGAR,https://www.sec.gov/Archives/edgar/data/1964344/000196434425000002/primary_doc.xml,,,"{""entity_name"": ""Family Capital Management, Inc."", ""principal_name"": ""Family Capital Management, Inc."", ""address"": ""168 LOUIS CAMPAU PROMENADE NW, GRAND RAPIDS, MI, 49503""}"
NORTH AMERICAN MANAGEMENT CORP,NORTH AMERICAN MANAGEMENT CORP,"TEN POST OFFICE SQUARE, BOSTON, MA, 02109",SEC EDGAR,https://www.sec.gov/Archives/edgar/data/861462/000086146213000006/primary_doc.xml,,,"{""entity_name"": ""NORTH AMERICAN MANAGEMENT CORP"", ""principal_name"": ""NORTH AMERICAN MANAGEMENT CORP"", ""address"": ""TEN POST OFFICE SQUARE, BOSTON, MA, 02109""}"
Patterson Family Foundation,LINDSEY PATTERSON SMITH,"300 WYANDOTTE ST STE 301, Kansas City, MO, 64105-2292",ProPublica,https://projects.propublica.org/nonprofits/organizations/207550081,,,"{""entity_name"": ""Patterson Family Foundation"", ""principal_name"": ""LINDSEY PATTERSON SMITH"", ""address"": ""300 WYANDOTTE ST STE 301, Kansas City, MO, 64105-2292""}"
Bezos Family Foundation,BEZOS FAMILY FOUNDATION,"1700 7TH AVE STE 116 PMB 149, Seattle, WA, 98101-1323",ProPublica,https://projects.propublica.org/nonprofits/organizations/912073258,,,"{""entity_name"": ""Bezos Family Foundation"", ""principal_name"": ""BEZOS FAMILY FOUNDATION"", ""address"": ""1700 7TH AVE STE 116 PMB 149, Seattle, WA, 98101-1323""}"
Cinelli Family Foundation,JANET CINELLI,"PO BOX D, Lawrence, KS, 66044-8998",ProPublica,https://projects.propublica.org/nonprofits/organizations/873895218,,,"{""entity_name"": ""Cinelli Family Foundation"", ""principal_name"": ""JANET CINELLI"", ""address"": ""PO BOX D, Lawrence, KS, 66044-8998""}"
Konzen Family Foundation,NEIL KONZEN,"1420 NW GILMAN BLVD 2154, Issaquah, WA, 98027-5394",ProPublica,https://projects.propublica.org/nonprofits/organizations/853910161,,,"{""entity_name"": ""Konzen Family Foundation"", ""principal_name"": ""NEIL KONZEN"", ""address"": ""1420 NW GILMAN BLVD 2154, Issaquah, WA, 98027-5394""}"
Hunter Family Foundation,,"50 E WASHINGTON ST STE 400, Chicago, IL, 60602-2100",ProPublica,https://projects.propublica.org/nonprofits/organizations/371887329,,,"{""entity_name"": ""Hunter Family Foundation"", ""principal_name"": null, ""address"": ""50 E WASHINGTON ST STE 400, Chicago, IL, 60602-2100""}"
Farmer Family Foundation,SUMMER HILL INC,"8044 MONTGOMERY RD STE 480, Cincinnati, OH, 45236-2925",ProPublica,https://projects.propublica.org/nonprofits/organizations/311256614,,,"{""entity_name"": ""Farmer Family Foundation"", ""principal_name"": ""SUMMER HILL INC"", ""address"": ""8044 MONTGOMERY RD STE 480, Cincinnati, OH, 45236-2925""}"
Baustert Family Foundation,SARAH S GODFREY US BANK EP-MN-S14,"101 E 5TH STREET, St Paul, MN, 55101-1898",ProPublica,https://projects.propublica.org/nonprofits/organizations/473790400,,,"{""entity_name"": ""Baustert Family Foundation"", ""principal_name"": ""SARAH S GODFREY US BANK EP-MN-S14"", ""address"": ""101 E 5TH STREET, St Paul, MN, 55101-1898""}"
Davis Family Foundation,JAMES C DAVIS,"PO BOX 468, Hanover, MD, 21076-0468",ProPublica,https://projects.propublica.org/nonprofits/organizations/10751429,,,"{""entity_name"": ""Davis Family Foundation"", ""principal_name"": ""JAMES C DAVIS"", ""address"": ""PO BOX 468, Hanover, MD, 21076-0468""}"
Overdeck Family Foundation,TANYA M SHEEHAN,"101 AVENUE OF THE AMERICAS FL 14, New York, NY, 10013-1905",ProPublica,https://projects.propublica.org/nonprofits/organizations/264377643,,,"{""entity_name"": ""Overdeck Family Foundation"", ""principal_name"": ""TANYA M SHEEHAN"", ""address"": ""101 AVENUE OF THE AMERICAS FL 14, New York, NY, 10013-1905""}"
Silver Family Foundation,WALTER BERLINGO AND COMPANY,"PO BOX 18234, Portland, OR, 97218-0234",ProPublica,https://projects.propublica.org/nonprofits/organizations/61532898,,,"{""entity_name"": ""Silver Family Foundation"", ""principal_name"": ""WALTER BERLINGO AND COMPANY"", ""address"": ""PO BOX 18234, Portland, OR, 97218-0234""}"
Hall Family Foundation,WILLIAM A HALL,"2480 PERSHING RD STE 600, Kansas City, MO, 64108-3569",ProPublica,https://projects.propublica.org/nonprofits/organizations/446006291,,,"{""entity_name"": ""Hall Family Foundation"", ""principal_name"": ""WILLIAM A HALL"", ""address"": ""2480 PERSHING RD STE 600, Kansas City, MO, 64108-3569""}"
Names Family Foundation,,"1019 REGENTS BLVD STE 201, Fircrest, WA, 98466-6037",ProPublica,https://projects.propublica.org/nonprofits/organizations/943250195,,,"{""entity_name"": ""Names Family Foundation"", ""principal_name"": null, ""address"": ""1019 REGENTS BLVD STE 201, Fircrest, WA, 98466-6037""}"
Ford Family Foundation,NORTHERN TRUST CO,"1600 NW STEWART PKWY, Roseburg, OR, 97471-1957",ProPublica,https://projects.propublica.org/nonprofits/organizations/936026156,,,"{""entity_name"": ""Ford Family Foundation"", ""principal_name"": ""NORTHERN TRUST CO"", ""address"": ""1600 NW STEWART PKWY, Roseburg, OR, 97471-1957""}"
Crown Family Foundation,,"30 SOUTH WELLS STREET 4049, Chicago, IL, 60606-5054",ProPublica,https://projects.propublica.org/nonprofits/organizations/363330462,,,"{""entity_name"": ""Crown Family Foundation"", ""principal_name"": null, ""address"": ""30 SOUTH WELLS STREET 4049, Chicago, IL, 60606-5054""}"
Crabill Family Foundation,KYLE KLOPFER,"135 MAIN ST STE 850, San Francisco, CA, 94105-8117",ProPublica,https://projects.propublica.org/nonprofits/organizations/832152945,,,"{""entity_name"": ""Crabill Family Foundation"", ""principal_name"": ""KYLE KLOPFER"", ""address"": ""135 MAIN ST STE 850, San Francisco, CA, 94105-8117""}"
Goldring Family Foundation,TRUDI BRIEDE,"524 METAIRIE RD, Metairie, LA, 70005-4308",ProPublica,https://projects.propublica.org/nonprofits/organizations/726022666,,,"{""entity_name"": ""Goldring Family Foundation"", ""principal_name"": ""TRUDI BRIEDE"", ""address"": ""524 METAIRIE RD, Metairie, LA, 70005-4308""}"
Sobrato Family Foundation,VEENA MAHADEVAN,"599 CASTRO ST STE 400, Mountain View, CA, 94041-3009",ProPublica,https://projects.propublica.org/nonprofits/organizations/770348912,,,"{""entity_name"": ""Sobrato Family Foundation"", ""principal_name"": ""VEENA MAHADEVAN"", ""address"": ""599 CASTRO ST STE 400, Mountain View, CA, 94041-3009""}"
Spaht Family Foundation,PAUL HOLDEN SPAHT JR,"135 MAIN ST STE 850, San Francisco, CA, 94105-8117",ProPublica,https://projects.propublica.org/nonprofits/organizations/832183149,,,"{""entity_name"": ""Spaht Family Foundation"", ""principal_name"": ""PAUL HOLDEN SPAHT JR"", ""address"": ""135 MAIN ST STE 850, San Francisco, CA, 94105-8117""}"
Wyatt Family Foundation,TODD YUBA,"1111 CHAPALA ST STE 200, Santa Barbara, CA, 93101-3100",ProPublica,https://projects.propublica.org/nonprofits/organizations/931503406,,,"{""entity_name"": ""Wyatt Family Foundation"", ""principal_name"": ""TODD YUBA"", ""address"": ""1111 CHAPALA ST STE 200, Santa Barbara, CA, 93101-3100""}"
Dunlap Family Foundation,,"12 GRANDVIEW CIR, Canonsburg, PA, 15317-8533",ProPublica,https://projects.propublica.org/nonprofits/organizations/884360481,,,"{""entity_name"": ""Dunlap Family Foundation"", ""principal_name"": null, ""address"": ""12 GRANDVIEW CIR, Canonsburg, PA, 15317-8533""}"
Koum Family Foundation,AUDREY K SCOTT,"1801 PAGE MILL RD STE 100, Palo Alto, CA, 94304-1216",ProPublica,https://projects.propublica.org/nonprofits/organizations/475446562,,,"{""entity_name"": ""Koum Family Foundation"", ""principal_name"": ""AUDREY K SCOTT"", ""address"": ""1801 PAGE MILL RD STE 100, Palo Alto, CA, 94304-1216""}"
Steans Family Foundation,,"50 E WASHINGTON ST STE 400, Chicago, IL, 60602-2100",ProPublica,https://projects.propublica.org/nonprofits/organizations/363486843,,,"{""entity_name"": ""Steans Family Foundation"", ""principal_name"": null, ""address"": ""50 E WASHINGTON ST STE 400, Chicago, IL, 60602-2100""}"
Mulva Family Foundation,JAMES J MULVA,"200 CONGRESS AVE UNIT 49UT, Austin, TX, 78701-0074",ProPublica,https://projects.propublica.org/nonprofits/organizations/203221183,,,"{""entity_name"": ""Mulva Family Foundation"", ""principal_name"": ""JAMES J MULVA"", ""address"": ""200 CONGRESS AVE UNIT 49UT, Austin, TX, 78701-0074""}"
Zorich Family Foundation,ROBERT L ZORICH,"9651 KATY FWY STE 525, Houston, TX, 77024-1598",ProPublica,https://projects.propublica.org/nonprofits/organizations/760664404,,,"{""entity_name"": ""Zorich Family Foundation"", ""principal_name"": ""ROBERT L ZORICH"", ""address"": ""9651 KATY FWY STE 525, Houston, TX, 77024-1598""}"
Edgerley Family Foundation,PAUL EDGERLEY,"9401 INDIAN CREEK PKWY STE 800, Overland Park, KS, 66210-2128",ProPublica,https://projects.propublica.org/nonprofits/organizations/201867709,,,"{""entity_name"": ""Edgerley Family Foundation"", ""principal_name"": ""PAUL EDGERLEY"", ""address"": ""9401 INDIAN CREEK PKWY STE 800, Overland Park, KS, 66210-2128""}"
Stanley Family Foundation,,"430 CENTRAL DR, Briarcliff, NY, 10510-1102",ProPublica,https://projects.propublica.org/nonprofits/organizations/61157888,,,"{""entity_name"": ""Stanley Family Foundation"", ""principal_name"": null, ""address"": ""430 CENTRAL DR, Briarcliff, NY, 10510-1102""}"
Pathy Family Foundation,PAUL M PATHY,"MONTREAL QUEBEC H3B 4W5, Canada, 00000-0000",ProPublica,https://projects.propublica.org/nonprofits/organizations/981735754,,,"{""entity_name"": ""Pathy Family Foundation"", ""principal_name"": ""PAUL M PATHY"", ""address"": ""MONTREAL QUEBEC H3B 4W5, Canada, 00000-0000""}"
Chestnut Family Foundation,BENJAMIN L CHESTNUT,"1355 PEACHTREE ST NE STE 1450, Atlanta, GA, 30309-4906",ProPublica,https://projects.propublica.org/nonprofits/organizations/814986125,,,"{""entity_name"": ""Chestnut Family Foundation"", ""principal_name"": ""BENJAMIN L CHESTNUT"", ""address"": ""1355 PEACHTREE ST NE STE 1450, Atlanta, GA, 30309-4906""}"
Weill Family Foundation,INDEPENDENT FAMILY OFFICE L,"PO BOX 10879, Albany, NY, 12201-5879",ProPublica,https://projects.propublica.org/nonprofits/organizations/136223609,,,"{""entity_name"": ""Weill Family Foundation"", ""principal_name"": ""INDEPENDENT FAMILY OFFICE L"", ""address"": ""PO BOX 10879, Albany, NY, 12201-5879""}"
Slaggie Family Foundation,,"111 MARKET ST STE 3B, Winona, MN, 55987-5532",ProPublica,https://projects.propublica.org/nonprofits/organizations/411878894,,,"{""entity_name"": ""Slaggie Family Foundation"", ""principal_name"": null, ""address"": ""111 MARKET ST STE 3B, Winona, MN, 55987-5532""}"
Mandarich Family Foundation,BLANTON MCDONALD,"5353 W DARTMOUTH AVE STE 306, Denver, CO, 80227-5517",ProPublica,https://projects.propublica.org/nonprofits/organizations/464325245,,,"{""entity_name"": ""Mandarich Family Foundation"", ""principal_name"": ""BLANTON MCDONALD"", ""address"": ""5353 W DARTMOUTH AVE STE 306, Denver, CO, 80227-5517""}"
Pichai Family Foundation,JONATHAN GREESON,"555 CALIFORNIA STREET 41ST FLOOR, San Francisco, CA, 94104-1714",ProPublica,https://projects.propublica.org/nonprofits/organizations/832405611,,,"{""entity_name"": ""Pichai Family Foundation"", ""principal_name"": ""JONATHAN GREESON"", ""address"": ""555 CALIFORNIA STREET 41ST FLOOR, San Francisco, CA, 94104-1714""}"
Phillips Family Foundation,D MARTIN PHILLIPS,"9651 KATY FWY STE 525, Houston, TX, 77024-1598",ProPublica,https://projects.propublica.org/nonprofits/organizations/750590214,,,"{""entity_name"": ""Phillips Family Foundation"", ""principal_name"": ""D MARTIN PHILLIPS"", ""address"": ""9651 KATY FWY STE 525, Houston, TX, 77024-1598""}"
Friedman Family Foundation,ERNST & YOUNG US LLP,"1 BEEKMAN PL APT 11C, New York, NY, 10022-8069",ProPublica,https://projects.propublica.org/nonprofits/organizations/133025979,,,"{""entity_name"": ""Friedman Family Foundation"", ""principal_name"": ""ERNST & YOUNG US LLP"", ""address"": ""1 BEEKMAN PL APT 11C, New York, NY, 10022-8069""}"
Towle Family Foundation,STREAMLINE FAMILY OFFICE,"4950 S YOSEMITE ST STE F2 PMB 327, Greenwood Vlg, CO, 80111-1350",ProPublica,https://projects.propublica.org/nonprofits/organizations/431800405,,,"{""entity_name"": ""Towle Family Foundation"", ""principal_name"": ""STREAMLINE FAMILY OFFICE"", ""address"": ""4950 S YOSEMITE ST STE F2 PMB 327, Greenwood Vlg, CO, 80111-1350""}"
Marek Family Foundation,,"3701 PINEY WOODS DR, Houston, TX, 77018-5846",ProPublica,https://projects.propublica.org/nonprofits/organizations/746108373,,,"{""entity_name"": ""Marek Family Foundation"", ""principal_name"": null, ""address"": ""3701 PINEY WOODS DR, Houston, TX, 77018-5846""}"
Sundheim Family Foundation,EY US LLP,"C/O SUNNY CAP MGMT 9 W 57TH ST, New York, NY, 10019-0000",ProPublica,https://projects.propublica.org/nonprofits/organizations/831563495,,,"{""entity_name"": ""Sundheim Family Foundation"", ""principal_name"": ""EY US LLP"", ""address"": ""C/O SUNNY CAP MGMT 9 W 57TH ST, New York, NY, 10019-0000""}"
Tsao Family Foundation,STEVEN TSAO,"PO BOX 1115, Corona Dl Mar, CA, 92625-6115",ProPublica,https://projects.propublica.org/nonprofits/organizations/202043022,,,"{""entity_name"": ""Tsao Family Foundation"", ""principal_name"": ""STEVEN TSAO"", ""address"": ""PO BOX 1115, Corona Dl Mar, CA, 92625-6115""}"
Mondre Family Foundation,SHADE TREE ADVISORS LLC,"55 HUDSON YARDS 40TH FLOOR, New York, NY, 10001-2163",ProPublica,https://projects.propublica.org/nonprofits/organizations/833036876,,,"{""entity_name"": ""Mondre Family Foundation"", ""principal_name"": ""SHADE TREE ADVISORS LLC"", ""address"": ""55 HUDSON YARDS 40TH FLOOR, New York, NY, 10001-2163""}"
Beemok Family Foundation,KAREN LARKIN,"200 MEETING STSTE 206, Charleston, SC, 29401-0000",ProPublica,https://projects.propublica.org/nonprofits/organizations/465382571,,,"{""entity_name"": ""Beemok Family Foundation"", ""principal_name"": ""KAREN LARKIN"", ""address"": ""200 MEETING STSTE 206, Charleston, SC, 29401-0000""}"
Kolatch Family Foundation,JONATHAN KOLATCH,"144 WALNUT ST, Englewood, NJ, 07631-3012",ProPublica,https://projects.propublica.org/nonprofits/organizations/133918276,,,"{""entity_name"": ""Kolatch Family Foundation"", ""principal_name"": ""JONATHAN KOLATCH"", ""address"": ""144 WALNUT ST, Englewood, NJ, 07631-3012""}"
Dorrance Family Foundation,BENNETT DORRANCE,"6263 N SCOTTSDALE RD STE 330, Scottsdale, AZ, 85250-5417",ProPublica,https://projects.propublica.org/nonprofits/organizations/860691863,,,"{""entity_name"": ""Dorrance Family Foundation"", ""principal_name"": ""BENNETT DORRANCE"", ""address"": ""6263 N SCOTTSDALE RD STE 330, Scottsdale, AZ, 85250-5417""}"
Halvorsen Family Foundation,OLE ANDREAS HALVORSEN,"VIKING 600 WASHINGTON BLVD 11TH F, Stamford, CT, 06901-0000",ProPublica,https://projects.propublica.org/nonprofits/organizations/61603158,,,"{""entity_name"": ""Halvorsen Family Foundation"", ""principal_name"": ""OLE ANDREAS HALVORSEN"", ""address"": ""VIKING 600 WASHINGTON BLVD 11TH F, Stamford, CT, 06901-0000""}"
Bicket Family Foundation,,"1 EMBARCADERO CTR STE 2410, San Francisco, CA, 94111-3737",ProPublica,https://projects.propublica.org/nonprofits/organizations/921219558,,,"{""entity_name"": ""Bicket Family Foundation"", ""principal_name"": null, ""address"": ""1 EMBARCADERO CTR STE 2410, San Francisco, CA, 94111-3737""}"
Biswas Family Foundation,,"1 EMBARCADERO CTR STE 2410, San Francisco, CA, 94111-3737",ProPublica,https://projects.propublica.org/nonprofits/organizations/921348652,,,"{""entity_name"": ""Biswas Family Foundation"", ""principal_name"": null, ""address"": ""1 EMBARCADERO CTR STE 2410, San Francisco, CA, 94111-3737""}"
DYE FAMILY OFFICE,,"CANFIELD, OH, United States",IAPD,https://adviserinfo.sec.gov/firm/summary/326761,IAPD: ACTIVE,,"{""entity_name"": ""DYE FAMILY OFFICE"", ""address"": ""CANFIELD, OH, United States"", ""entity_type"": ""IAPD: ACTIVE"", ""crd"": ""326761""}"
JFG FAMILY OFFICE,,"1144 FIFTEENTH STREET, SUITE 3950, DENVER, CO, 80202, United States",IAPD,https://adviserinfo.sec.gov/firm/summary/125101,IAPD: ACTIVE,,"{""entity_name"": ""JFG FAMILY OFFICE"", ""address"": ""1144 FIFTEENTH STREET, SUITE 3950, DENVER, CO, 80202, United States"", ""entity_type"": ""IAPD: ACTIVE"", ""crd"": ""125101""}"
WE FAMILY OFFICES,,"2811 PONCE DE LEON BLVD, SUITE 840, CORAL GABLES, FL, 33134, United States",IAPD,https://adviserinfo.sec.gov/firm/summary/109869,IAPD: ACTIVE,,"{""entity_name"": ""WE FAMILY OFFICES"", ""address"": ""2811 PONCE DE LEON BLVD, SUITE 840, CORAL GABLES, FL, 33134, United States"", ""entity_type"": ""IAPD: ACTIVE"", ""crd"": ""109869""}"
LONG FAMILY OFFICE,,"5101 DUNLEA CT, STE 204-C, WILMINGTON, NC, 28405, United States",IAPD,https://adviserinfo.sec.gov/firm/summary/110990,IAPD: ACTIVE,,"{""entity_name"": ""LONG FAMILY OFFICE"", ""address"": ""5101 DUNLEA CT, STE 204-C, WILMINGTON, NC, 28405, United States"", ""entity_type"": ""IAPD: ACTIVE"", ""crd"": ""110990""}"
CARPA FAMILY OFFICE,,"AVENIDA BRIGADEIRO FARIA LIMA, 4300, 3 ANDAR, CJ. 31, SÃO PAULO, 04538-132, Brazil",IAPD,https://adviserinfo.sec.gov/firm/summary/329017,IAPD: INACTIVE,,"{""entity_name"": ""CARPA FAMILY OFFICE"", ""address"": ""AVENIDA BRIGADEIRO FARIA LIMA, 4300, 3 ANDAR, CJ. 31, S\u00c3O PAULO, 04538-132, Brazil"", ""entity_type"": ""IAPD: INACTIVE"", ""crd"": ""329017""}"
CRAIG FAMILY OFFICE,,"SPOKANE, WA, United States",IAPD,https://adviserinfo.sec.gov/firm/summary/323358,IAPD: ACTIVE,,"{""entity_name"": ""CRAIG FAMILY OFFICE"", ""address"": ""SPOKANE, WA, United States"", ""entity_type"": ""IAPD: ACTIVE"", ""crd"": ""323358""}"
BGL FAMILY OFFICE AG,,"AM SCHANZENGRABEN 27, 8002 ZURICH, Switzerland",IAPD,https://adviserinfo.sec.gov/firm/summary/158222,IAPD: INACTIVE,,"{""entity_name"": ""BGL FAMILY OFFICE AG"", ""address"": ""AM SCHANZENGRABEN 27, 8002 ZURICH, Switzerland"", ""entity_type"": ""IAPD: INACTIVE"", ""crd"": ""158222""}"
"BT FAMILY OFFICE, LLC",,"3300 RIVERWOOD PARKWAY, SUITE 700, ATLANTA, GA, 30339, United States",IAPD,https://adviserinfo.sec.gov/firm/summary/305713,IAPD: ACTIVE,,"{""entity_name"": ""BT FAMILY OFFICE, LLC"", ""address"": ""3300 RIVERWOOD PARKWAY, SUITE 700, ATLANTA, GA, 30339, United States"", ""entity_type"": ""IAPD: ACTIVE"", ""crd"": ""305713""}"
VIRTUS FAMILY OFFICE,,"500 WEST OVERLAND, SUITE 250-Q, EL PASO, TX, 79901, United States",IAPD,https://adviserinfo.sec.gov/firm/summary/298272,IAPD: ACTIVE,,"{""entity_name"": ""VIRTUS FAMILY OFFICE"", ""address"": ""500 WEST OVERLAND, SUITE 250-Q, EL PASO, TX, 79901, United States"", ""entity_type"": ""IAPD: ACTIVE"", ""crd"": ""298272""}"
MATTER FAMILY OFFICE,,"8001 FORSYTH BLVD, SUITE 950, ST LOUIS, MO, 63105, United States",IAPD,https://adviserinfo.sec.gov/firm/summary/106806,IAPD: ACTIVE,,"{""entity_name"": ""MATTER FAMILY OFFICE"", ""address"": ""8001 FORSYTH BLVD, SUITE 950, ST LOUIS, MO, 63105, United States"", ""entity_type"": ""IAPD: ACTIVE"", ""crd"": ""106806""}"
"THE FAMILY OFFICE, LLC",,"REDMOND, WA, United States",IAPD,https://adviserinfo.sec.gov/firm/summary/288530,IAPD: INACTIVE,,"{""entity_name"": ""THE FAMILY OFFICE, LLC"", ""address"": ""REDMOND, WA, United States"", ""entity_type"": ""IAPD: INACTIVE"", ""crd"": ""288530""}"
"360 FAMILY OFFICE, LLC",,"BOISE, ID, United States",IAPD,https://adviserinfo.sec.gov/firm/summary/164652,IAPD: INACTIVE,,"{""entity_name"": ""360 FAMILY OFFICE, LLC"", ""address"": ""BOISE, ID, United States"", ""entity_type"": ""IAPD: INACTIVE"", ""crd"": ""164652""}"
"DCA FAMILY OFFICE, LLC",,"3721 DOUGLAS BLVD, SUITE 350, ROSEVILLE, CA, 95661, United States",IAPD,https://adviserinfo.sec.gov/firm/summary/322047,IAPD: ACTIVE,,"{""entity_name"": ""DCA FAMILY OFFICE, LLC"", ""address"": ""3721 DOUGLAS BLVD, SUITE 350, ROSEVILLE, CA, 95661, United States"", ""entity_type"": ""IAPD: ACTIVE"", ""crd"": ""322047""}"
"818 FAMILY OFFICE, LLC",,"3711 S MOPAC EXPY, SUITE 150, AUSTIN, TX, 78746, United States",IAPD,https://adviserinfo.sec.gov/firm/summary/339082,IAPD: ACTIVE,,"{""entity_name"": ""818 FAMILY OFFICE, LLC"", ""address"": ""3711 S MOPAC EXPY, SUITE 150, AUSTIN, TX, 78746, United States"", ""entity_type"": ""IAPD: ACTIVE"", ""crd"": ""339082""}"
"PMG FAMILY OFFICE, LLC",,"5700 WEST PLANO PKWY, SUITE 2600, PLANO, TX, 75093, United States",IAPD,https://adviserinfo.sec.gov/firm/summary/312154,IAPD: ACTIVE,,"{""entity_name"": ""PMG FAMILY OFFICE, LLC"", ""address"": ""5700 WEST PLANO PKWY, SUITE 2600, PLANO, TX, 75093, United States"", ""entity_type"": ""IAPD: ACTIVE"", ""crd"": ""312154""}"
"LMB FAMILY OFFICE, LLC",,"DALLAS, TX, United States",IAPD,https://adviserinfo.sec.gov/firm/summary/341470,IAPD: ACTIVE,,"{""entity_name"": ""LMB FAMILY OFFICE, LLC"", ""address"": ""DALLAS, TX, United States"", ""entity_type"": ""IAPD: ACTIVE"", ""crd"": ""341470""}"
P&L FAMILY WEALTH,,"13300 CROSSROADS PKWY N, 170, CITY OF INDUSTRY, CA, 91746, United States",IAPD,https://adviserinfo.sec.gov/firm/summary/341272,IAPD: ACTIVE,,"{""entity_name"": ""P&L FAMILY WEALTH"", ""address"": ""13300 CROSSROADS PKWY N, 170, CITY OF INDUSTRY, CA, 91746, United States"", ""entity_type"": ""IAPD: ACTIVE"", ""crd"": ""341272""}"
DWM FAMILY WEALTH,,"CASTLE ROCK, CO, United States",IAPD,https://adviserinfo.sec.gov/firm/summary/299949,IAPD: ACTIVE,,"{""entity_name"": ""DWM FAMILY WEALTH"", ""address"": ""CASTLE ROCK, CO, United States"", ""entity_type"": ""IAPD: ACTIVE"", ""crd"": ""299949""}"
GOLD FAMILY WEALTH,,"565 FIFTH AVENUE, 27TH FLOOR, NEW YORK, NY, 10017, United States",IAPD,https://adviserinfo.sec.gov/firm/summary/290140,IAPD: INACTIVE,,"{""entity_name"": ""GOLD FAMILY WEALTH"", ""address"": ""565 FIFTH AVENUE, 27TH FLOOR, NEW YORK, NY, 10017, United States"", ""entity_type"": ""IAPD: INACTIVE"", ""crd"": ""290140""}"
EPOCH FAMILY WEALTH,,"WELDON SPRING, MO, United States",IAPD,https://adviserinfo.sec.gov/firm/summary/286107,IAPD: ACTIVE,,"{""entity_name"": ""EPOCH FAMILY WEALTH"", ""address"": ""WELDON SPRING, MO, United States"", ""entity_type"": ""IAPD: ACTIVE"", ""crd"": ""286107""}"
FIRST FAMILY WEALTH,,"1500 MEDICAL CENTER PARKWAY, SUITE 3, MURFREESBORO, TN, 37129, United States",IAPD,https://adviserinfo.sec.gov/firm/summary/338250,IAPD: ACTIVE,,"{""entity_name"": ""FIRST FAMILY WEALTH"", ""address"": ""1500 MEDICAL CENTER PARKWAY, SUITE 3, MURFREESBORO, TN, 37129, United States"", ""entity_type"": ""IAPD: ACTIVE"", ""crd"": ""338250""}"
RENEW FAMILY WEALTH,,"1 S. COASTAL WAY, UNIT 104, JUPITER, FL, 33477, United States",IAPD,https://adviserinfo.sec.gov/firm/summary/298618,IAPD: ACTIVE,,"{""entity_name"": ""RENEW FAMILY WEALTH"", ""address"": ""1 S. COASTAL WAY, UNIT 104, JUPITER, FL, 33477, United States"", ""entity_type"": ""IAPD: ACTIVE"", ""crd"": ""298618""}"
NOBLE FAMILY WEALTH,,"2475 ENTERPRISE RD., CLEARWATER, FL, 33763, United States",IAPD,https://adviserinfo.sec.gov/firm/summary/315152,IAPD: ACTIVE,,"{""entity_name"": ""NOBLE FAMILY WEALTH"", ""address"": ""2475 ENTERPRISE RD., CLEARWATER, FL, 33763, United States"", ""entity_type"": ""IAPD: ACTIVE"", ""crd"": ""315152""}"
FAMILYVEST,,"4300 LEGENDARY DRIVE, SUITE 226, DESTIN, FL, 32541, United States",IAPD,https://adviserinfo.sec.gov/firm/summary/284687,IAPD: INACTIVE,,"{""entity_name"": ""FAMILYVEST"", ""address"": ""4300 LEGENDARY DRIVE, SUITE 226, DESTIN, FL, 32541, United States"", ""entity_type"": ""IAPD: INACTIVE"", ""crd"": ""284687""}"
KNIGHT FAMILY WEALTH,,"NAPLES, FL, United States",IAPD,https://adviserinfo.sec.gov/firm/summary/309475,IAPD: ACTIVE,,"{""entity_name"": ""KNIGHT FAMILY WEALTH"", ""address"": ""NAPLES, FL, United States"", ""entity_type"": ""IAPD: ACTIVE"", ""crd"": ""309475""}"
"QTR FAMILY WEALTH, LLC",,"605 CRESCENT EXECUTIVE COURT, SUITE 104, LAKE MARY, FL, 32746, United States",IAPD,https://adviserinfo.sec.gov/firm/summary/331655,IAPD: ACTIVE,,"{""entity_name"": ""QTR FAMILY WEALTH, LLC"", ""address"": ""605 CRESCENT EXECUTIVE COURT, SUITE 104, LAKE MARY, FL, 32746, United States"", ""entity_type"": ""IAPD: ACTIVE"", ""crd"": ""331655""}"
"FAMILY WMS, LLC",,"490 N. MILLEDGE AVE, ATHENS, GA, 30601, United States",IAPD,https://adviserinfo.sec.gov/firm/summary/126456,IAPD: ACTIVE,,"{""entity_name"": ""FAMILY WMS, LLC"", ""address"": ""490 N. MILLEDGE AVE, ATHENS, GA, 30601, United States"", ""entity_type"": ""IAPD: ACTIVE"", ""crd"": ""126456""}"
MERISTEM FAMILY WEALTH,,"701 CARLSON PARKWAY, SUITE 1400, MINNETONKA, MN, 55305, United States",IAPD,https://adviserinfo.sec.gov/firm/summary/109141,IAPD: INACTIVE,,"{""entity_name"": ""MERISTEM FAMILY WEALTH"", ""address"": ""701 CARLSON PARKWAY, SUITE 1400, MINNETONKA, MN, 55305, United States"", ""entity_type"": ""IAPD: INACTIVE"", ""crd"": ""109141""}"
FAMILY WEALTH PARTNERS,,"2518-B PLANTATION CENTER DRIVE, MATTHEWS, NC, 28105, United States",IAPD,https://adviserinfo.sec.gov/firm/summary/121030,IAPD: INACTIVE,,"{""entity_name"": ""FAMILY WEALTH PARTNERS"", ""address"": ""2518-B PLANTATION CENTER DRIVE, MATTHEWS, NC, 28105, United States"", ""entity_type"": ""IAPD: INACTIVE"", ""crd"": ""121030""}"
TRUEVINE FAMILY WEALTH,,"ESTERO, FL, United States",IAPD,https://adviserinfo.sec.gov/firm/summary/331649,IAPD: ACTIVE,,"{""entity_name"": ""TRUEVINE FAMILY WEALTH"", ""address"": ""ESTERO, FL, United States"", ""entity_type"": ""IAPD: ACTIVE"", ""crd"": ""331649""}"
FAMILY WEALTH ADVISORS,,"670 WEST SHEPARD LANE, SUITE 101, FARMINGTON, UT, 84025, United States",IAPD,https://adviserinfo.sec.gov/firm/summary/117475,IAPD: ACTIVE,,"{""entity_name"": ""FAMILY WEALTH ADVISORS"", ""address"": ""670 WEST SHEPARD LANE, SUITE 101, FARMINGTON, UT, 84025, United States"", ""entity_type"": ""IAPD: ACTIVE"", ""crd"": ""117475""}"
"BRADY FAMILY WEALTH, LLC",,"1401 SOUTH BRENTWOOD BLVD., SUITE 880, SAINT LOUIS, MO, 63144, United States",IAPD,https://adviserinfo.sec.gov/firm/summary/315635,IAPD: ACTIVE,,"{""entity_name"": ""BRADY FAMILY WEALTH, LLC"", ""address"": ""1401 SOUTH BRENTWOOD BLVD., SUITE 880, SAINT LOUIS, MO, 63144, United States"", ""entity_type"": ""IAPD: ACTIVE"", ""crd"": ""315635""}"
"TEXAS FAMILY WEALTH, LLC",,"161 W SHADOWBEND AVENUE, SUITE 101, FRIENDSWOOD, TX, 77546, United States",IAPD,https://adviserinfo.sec.gov/firm/summary/327332,IAPD: ACTIVE,,"{""entity_name"": ""TEXAS FAMILY WEALTH, LLC"", ""address"": ""161 W SHADOWBEND AVENUE, SUITE 101, FRIENDSWOOD, TX, 77546, United States"", ""entity_type"": ""IAPD: ACTIVE"", ""crd"": ""327332""}"
"OMNIA FAMILY WEALTH, LLC",,"18851 NE 29TH AVENUE, SUITE 400, AVENTURA, FL, 33180, United States",IAPD,https://adviserinfo.sec.gov/firm/summary/170909,IAPD: ACTIVE,,"{""entity_name"": ""OMNIA FAMILY WEALTH, LLC"", ""address"": ""18851 NE 29TH AVENUE, SUITE 400, AVENTURA, FL, 33180, United States"", ""entity_type"": ""IAPD: ACTIVE"", ""crd"": ""170909""}"
FAMILY WEALTH SOLUTIONS,,"WILMINGTON, DE, United States",IAPD,https://adviserinfo.sec.gov/firm/summary/328105,IAPD: INACTIVE,,"{""entity_name"": ""FAMILY WEALTH SOLUTIONS"", ""address"": ""WILMINGTON, DE, United States"", ""entity_type"": ""IAPD: INACTIVE"", ""crd"": ""328105""}"
BOULEVARD FAMILY WEALTH,,"9465 WILSHIRE BLVD., SUITE 840, BEVERLY HILLS, CA, 90212, United States",IAPD,https://adviserinfo.sec.gov/firm/summary/285229,IAPD: INACTIVE,,"{""entity_name"": ""BOULEVARD FAMILY WEALTH"", ""address"": ""9465 WILSHIRE BLVD., SUITE 840, BEVERLY HILLS, CA, 90212, United States"", ""entity_type"": ""IAPD: INACTIVE"", ""crd"": ""285229""}"
FAMILY INVESTMENT CENTER,,"3805 BECK ROAD, SAINT JOSEPH, MO, 64506, United States",IAPD,https://adviserinfo.sec.gov/firm/summary/113799,IAPD: ACTIVE,,"{""entity_name"": ""FAMILY INVESTMENT CENTER"", ""address"": ""3805 BECK ROAD, SAINT JOSEPH, MO, 64506, United States"", ""entity_type"": ""IAPD: ACTIVE"", ""crd"": ""113799""}"
"FAMILY LEGACY, INC.",,"900 PENDLETON STREET, SUITE 200, GREENVILLE, SC, 29601, United States",IAPD,https://adviserinfo.sec.gov/firm/summary/110945,IAPD: ACTIVE,,"{""entity_name"": ""FAMILY LEGACY, INC."", ""address"": ""900 PENDLETON STREET, SUITE 200, GREENVILLE, SC, 29601, United States"", ""entity_type"": ""IAPD: ACTIVE"", ""crd"": ""110945""}"
WALDORF FAMILY INVESTMENTS,,"405 EL CAMINO REAL, SUITE 260, MENLO PARK, CA, 94025, United States",IAPD,https://adviserinfo.sec.gov/firm/summary/168029,IAPD: INACTIVE,,"{""entity_name"": ""WALDORF FAMILY INVESTMENTS"", ""address"": ""405 EL CAMINO REAL, SUITE 260, MENLO PARK, CA, 94025, United States"", ""entity_type"": ""IAPD: INACTIVE"", ""crd"": ""168029""}"
"FAMILY WEALTH INVESTMENTS, LLC",,"269 OAK STREET, HIGHLANDS, NC, 28741, United States",IAPD,https://adviserinfo.sec.gov/firm/summary/284731,IAPD: INACTIVE,,"{""entity_name"": ""FAMILY WEALTH INVESTMENTS, LLC"", ""address"": ""269 OAK STREET, HIGHLANDS, NC, 28741, United States"", ""entity_type"": ""IAPD: INACTIVE"", ""crd"": ""284731""}"
"GDMN FAMILY INVESTMENTS GP, LLC",,"600 N. LOOP 1604E, SAN ANTONIO, TX, 78232, United States",IAPD,https://adviserinfo.sec.gov/firm/summary/285246,IAPD: INACTIVE,,"{""entity_name"": ""GDMN FAMILY INVESTMENTS GP, LLC"", ""address"": ""600 N. LOOP 1604E, SAN ANTONIO, TX, 78232, United States"", ""entity_type"": ""IAPD: INACTIVE"", ""crd"": ""285246""}"
KELLER FAMILY LAW & INVESTMENTS,,"12030 WALBROOK DRIVE, SARATOGA, CA, 95070, United States",IAPD,https://adviserinfo.sec.gov/firm/summary/320868,IAPD: INACTIVE,,"{""entity_name"": ""KELLER FAMILY LAW & INVESTMENTS"", ""address"": ""12030 WALBROOK DRIVE, SARATOGA, CA, 95070, United States"", ""entity_type"": ""IAPD: INACTIVE"", ""crd"": ""320868""}"
LONGWALL FAMILY OFFICE,,"8  WRIGHT ST, SUITE 107, WESTPORT, CT, 06880, United States",IAPD,https://adviserinfo.sec.gov/firm/summary/324336,IAPD: ACTIVE,,"{""entity_name"": ""LONGWALL FAMILY OFFICE"", ""address"": ""8  WRIGHT ST, SUITE 107, WESTPORT, CT, 06880, United States"", ""entity_type"": ""IAPD: ACTIVE"", ""crd"": ""324336""}"
"FAMILY INVESTMENT PLANNING, LLC",,"925 ELM GROVE ROAD, SUITE 203, ELM GROVE, WI, 53122, United States",IAPD,https://adviserinfo.sec.gov/firm/summary/156132,IAPD: ACTIVE,,"{""entity_name"": ""FAMILY INVESTMENT PLANNING, LLC"", ""address"": ""925 ELM GROVE ROAD, SUITE 203, ELM GROVE, WI, 53122, United States"", ""entity_type"": ""IAPD: ACTIVE"", ""crd"": ""156132""}"
"FAMILY INVESTMENT ADVISORY, LLC",,"MERRIMACK, NH, United States",IAPD,https://adviserinfo.sec.gov/firm/summary/160189,IAPD: ACTIVE,,"{""entity_name"": ""FAMILY INVESTMENT ADVISORY, LLC"", ""address"": ""MERRIMACK, NH, United States"", ""entity_type"": ""IAPD: ACTIVE"", ""crd"": ""160189""}"
"OAK FAMILY ADVISORS, LLC",,"150 NORTH WACKER DRIVE, SUITE 1760, CHICAGO, IL, 60606-1607, United States",IAPD,https://adviserinfo.sec.gov/firm/summary/141332,IAPD: ACTIVE,,"{""entity_name"": ""OAK FAMILY ADVISORS, LLC"", ""address"": ""150 NORTH WACKER DRIVE, SUITE 1760, CHICAGO, IL, 60606-1607, United States"", ""entity_type"": ""IAPD: ACTIVE"", ""crd"": ""141332""}"
FAMILY INVESTMENT MANAGEMENT L.P.,,"CARLSBAD, CA, United States",IAPD,https://adviserinfo.sec.gov/firm/summary/170281,IAPD: ACTIVE,,"{""entity_name"": ""FAMILY INVESTMENT MANAGEMENT L.P."", ""address"": ""CARLSBAD, CA, United States"", ""entity_type"": ""IAPD: ACTIVE"", ""crd"": ""170281""}"
STOKES FAMILY OFFICE LLC,,"1100 POYDRAS ST, STE. 2775, NEW ORLEANS, LA, 70163, United States",IAPD,https://adviserinfo.sec.gov/firm/summary/300899,IAPD: ACTIVE,,"{""entity_name"": ""STOKES FAMILY OFFICE LLC"", ""address"": ""1100 POYDRAS ST, STE. 2775, NEW ORLEANS, LA, 70163, United States"", ""entity_type"": ""IAPD: ACTIVE"", ""crd"": ""300899""}"
AM GLOBAL FAMILY INVESTMENT OFFICE,,"319 CLEMATIS STREET, SUITE 300, WEST PALM BEACH, FL, 33401, United States",IAPD,https://adviserinfo.sec.gov/firm/summary/159319,IAPD: INACTIVE,,"{""entity_name"": ""AM GLOBAL FAMILY INVESTMENT OFFICE"", ""address"": ""319 CLEMATIS STREET, SUITE 300, WEST PALM BEACH, FL, 33401, United States"", ""entity_type"": ""IAPD: INACTIVE"", ""crd"": ""159319""}"
"CROSSGRAIN FAMILY INVESTMENTS, LLC",,"HENRICO, VA, United States",IAPD,https://adviserinfo.sec.gov/firm/summary/318373,IAPD: ACTIVE,,"{""entity_name"": ""CROSSGRAIN FAMILY INVESTMENTS, LLC"", ""address"": ""HENRICO, VA, United States"", ""entity_type"": ""IAPD: ACTIVE"", ""crd"": ""318373""}"
AMERICAN FAMILY LEGACY GROUP,,"3030 N ROCKY POINT DR W, SUITE 150, TAMPA, FL, 33607, United States",IAPD,https://adviserinfo.sec.gov/firm/summary/154050,IAPD: ACTIVE,,"{""entity_name"": ""AMERICAN FAMILY LEGACY GROUP"", ""address"": ""3030 N ROCKY POINT DR W, SUITE 150, TAMPA, FL, 33607, United States"", ""entity_type"": ""IAPD: ACTIVE"", ""crd"": ""154050""}"
FAMILY OFFICE INVESTMENT ADVISORY LLC,,"6991 E. CAMELBACK RD.,, SUITE D-300, SCOTTSDALE, AZ, 85251, United States",IAPD,https://adviserinfo.sec.gov/firm/summary/339607,IAPD: ACTIVE,,"{""entity_name"": ""FAMILY OFFICE INVESTMENT ADVISORY LLC"", ""address"": ""6991 E. CAMELBACK RD.,, SUITE D-300, SCOTTSDALE, AZ, 85251, United States"", ""entity_type"": ""IAPD: ACTIVE"", ""crd"": ""339607""}"
"FUTR FAMILY MANAGEMENT, LLC",,"2131 PALOMAR AIRPORT ROAD, SUITE 237, CARLSBAD, CA, 92011, United States",IAPD,https://adviserinfo.sec.gov/firm/summary/146542,IAPD: INACTIVE,,"{""entity_name"": ""FUTR FAMILY MANAGEMENT, LLC"", ""address"": ""2131 PALOMAR AIRPORT ROAD, SUITE 237, CARLSBAD, CA, 92011, United States"", ""entity_type"": ""IAPD: INACTIVE"", ""crd"": ""146542""}"
JAMES FAMILY CAPITAL,,"1800 JFK BLVD, STE 300, PHILADELPHIA, PA, 19103, United States",IAPD,https://adviserinfo.sec.gov/firm/summary/288584,IAPD: INACTIVE,,"{""entity_name"": ""JAMES FAMILY CAPITAL"", ""address"": ""1800 JFK BLVD, STE 300, PHILADELPHIA, PA, 19103, United States"", ""entity_type"": ""IAPD: INACTIVE"", ""crd"": ""288584""}"
"HUGHES FAMILY CAPITAL, LLC",,"1300 MICHIGAN STREET NORTHEAST, SUITE 100, GRAND RAPIDS, MI, 49503, United States",IAPD,https://adviserinfo.sec.gov/firm/summary/338201,IAPD: ACTIVE,,"{""entity_name"": ""HUGHES FAMILY CAPITAL, LLC"", ""address"": ""1300 MICHIGAN STREET NORTHEAST, SUITE 100, GRAND RAPIDS, MI, 49503, United States"", ""entity_type"": ""IAPD: ACTIVE"", ""crd"": ""338201""}"
FAMILY CAPITAL MANAGEMENT,,"168 LOUIS CAMPAU PROMENADE NW,, SUITE 500, GRAND RAPIDS, MI, 49503, United States",IAPD,https://adviserinfo.sec.gov/firm/summary/111230,IAPD: ACTIVE,,"{""entity_name"": ""FAMILY CAPITAL MANAGEMENT"", ""address"": ""168 LOUIS CAMPAU PROMENADE NW,, SUITE 500, GRAND RAPIDS, MI, 49503, United States"", ""entity_type"": ""IAPD: ACTIVE"", ""crd"": ""111230""}"
FOUNDERS FAMILY OFFICE,,"98 SE 7TH ST, SUITE 620, MIAMI, FL, 33131, United States",IAPD,https://adviserinfo.sec.gov/firm/summary/315653,IAPD: ACTIVE,,"{""entity_name"": ""FOUNDERS FAMILY OFFICE"", ""address"": ""98 SE 7TH ST, SUITE 620, MIAMI, FL, 33131, United States"", ""entity_type"": ""IAPD: ACTIVE"", ""crd"": ""315653""}"
"C&S FAMILY ADVISORS, LLC",,"345 CALIFORNIA STREET, SUITE 600, SAN FRANCISCO, CA, 94104, United States",IAPD,https://adviserinfo.sec.gov/firm/summary/304949,IAPD: INACTIVE,,"{""entity_name"": ""C&S FAMILY ADVISORS, LLC"", ""address"": ""345 CALIFORNIA STREET, SUITE 600, SAN FRANCISCO, CA, 94104, United States"", ""entity_type"": ""IAPD: INACTIVE"", ""crd"": ""304949""}"
"FAMILY CAPITAL ADVISORS, LLC",,"ATLANTA, GA, United States",IAPD,https://adviserinfo.sec.gov/firm/summary/291257,IAPD: ACTIVE,,"{""entity_name"": ""FAMILY CAPITAL ADVISORS, LLC"", ""address"": ""ATLANTA, GA, United States"", ""entity_type"": ""IAPD: ACTIVE"", ""crd"": ""291257""}"
"FAMILY PARTNERS CAPITAL, LLC",,"587R BAY ROAD, HAMILTON, MA, 01936, United States",IAPD,https://adviserinfo.sec.gov/firm/summary/304176,IAPD: ACTIVE,,"{""entity_name"": ""FAMILY PARTNERS CAPITAL, LLC"", ""address"": ""587R BAY ROAD, HAMILTON, MA, 01936, United States"", ""entity_type"": ""IAPD: ACTIVE"", ""crd"": ""304176""}"
"SWEETWOOD FAMILY CAPITAL, LLC",,"SCARBOROUGH, ME, United States",IAPD,https://adviserinfo.sec.gov/firm/summary/284865,IAPD: INACTIVE,,"{""entity_name"": ""SWEETWOOD FAMILY CAPITAL, LLC"", ""address"": ""SCARBOROUGH, ME, United States"", ""entity_type"": ""IAPD: INACTIVE"", ""crd"": ""284865""}"
WOODLOCK HOUSE FAMILY CAPITAL,,"MOUNT AIRY, MD, United States",IAPD,https://adviserinfo.sec.gov/firm/summary/300051,IAPD: ACTIVE,,"{""entity_name"": ""WOODLOCK HOUSE FAMILY CAPITAL"", ""address"": ""MOUNT AIRY, MD, United States"", ""entity_type"": ""IAPD: ACTIVE"", ""crd"": ""300051""}"
"SAFE HARBOR FAMILY CAPITAL, LLC",,"123 WEST FRANKLIN STREET, SUITE 540, CHAPEL HILL, NC, 27516, United States",IAPD,https://adviserinfo.sec.gov/firm/summary/317547,IAPD: ACTIVE,,"{""entity_name"": ""SAFE HARBOR FAMILY CAPITAL, LLC"", ""address"": ""123 WEST FRANKLIN STREET, SUITE 540, CHAPEL HILL, NC, 27516, United States"", ""entity_type"": ""IAPD: ACTIVE"", ""crd"": ""317547""}"
MACI FAMILY OFFICE ADVISORS,,"110 EAST 42ND STREET, SUITE 1508, NEW YORK, NY, 10017, United States",IAPD,https://adviserinfo.sec.gov/firm/summary/158302,IAPD: ACTIVE,,"{""entity_name"": ""MACI FAMILY OFFICE ADVISORS"", ""address"": ""110 EAST 42ND STREET, SUITE 1508, NEW YORK, NY, 10017, United States"", ""entity_type"": ""IAPD: ACTIVE"", ""crd"": ""158302""}"
"ALPHA CAPITAL FAMILY OFFICE, LLC",,"5750 S. ULSTER CIRCLE EAST, SUITE 300, GREENWOOD VILLAGE, CO, 80111, United States",IAPD,https://adviserinfo.sec.gov/firm/summary/307521,IAPD: ACTIVE,,"{""entity_name"": ""ALPHA CAPITAL FAMILY OFFICE, LLC"", ""address"": ""5750 S. ULSTER CIRCLE EAST, SUITE 300, GREENWOOD VILLAGE, CO, 80111, United States"", ""entity_type"": ""IAPD: ACTIVE"", ""crd"": ""307521""}"
FAMILY OFFICE VENTURE CAPITAL LLC,,"500 WEST PUTNAM AVENUE, SUITE 400, GREENWICH, CT, 06830, United States",IAPD,https://adviserinfo.sec.gov/firm/summary/306372,IAPD: ACTIVE,,"{""entity_name"": ""FAMILY OFFICE VENTURE CAPITAL LLC"", ""address"": ""500 WEST PUTNAM AVENUE, SUITE 400, GREENWICH, CT, 06830, United States"", ""entity_type"": ""IAPD: ACTIVE"", ""crd"": ""306372""}"
FIFTH AVENUE FAMILY OFFICE,,"3003 TAMIAMI TRAIL NORTH, SUITE 410, NAPLES, FL, 34103, United States",IAPD,https://adviserinfo.sec.gov/firm/summary/122448,IAPD: ACTIVE,,"{""entity_name"": ""FIFTH AVENUE FAMILY OFFICE"", ""address"": ""3003 TAMIAMI TRAIL NORTH, SUITE 410, NAPLES, FL, 34103, United States"", ""entity_type"": ""IAPD: ACTIVE"", ""crd"": ""122448""}"
NAGEL FAMILY CAPITAL MANAGEMENT LLC,,"8285 W SUNSET BLVD., SUITE 7A, WEST HOLLYWOOD, CA, 90046, United States",IAPD,https://adviserinfo.sec.gov/firm/summary/287502,IAPD: INACTIVE,,"{""entity_name"": ""NAGEL FAMILY CAPITAL MANAGEMENT LLC"", ""address"": ""8285 W SUNSET BLVD., SUITE 7A, WEST HOLLYWOOD, CA, 90046, United States"", ""entity_type"": ""IAPD: INACTIVE"", ""crd"": ""287502""}"
DOLBY FAMILY CAPITAL MANAGEMENT LLC,,"999 BRANNAN STREET, PENTHOUSE SUITE, SAN FRANCISCO, CA, 94103, United States",IAPD,https://adviserinfo.sec.gov/firm/summary/313971,IAPD: ACTIVE,,"{""entity_name"": ""DOLBY FAMILY CAPITAL MANAGEMENT LLC"", ""address"": ""999 BRANNAN STREET, PENTHOUSE SUITE, SAN FRANCISCO, CA, 94103, United States"", ""entity_type"": ""IAPD: ACTIVE"", ""crd"": ""313971""}"
CHERRY CREEK FAMILY OFFICES,,"210 UNIVERSITY BLVD, SUITE 650, DENVER, CO, 80206, United States",IAPD,https://adviserinfo.sec.gov/firm/summary/156310,IAPD: ACTIVE,,"{""entity_name"": ""CHERRY CREEK FAMILY OFFICES"", ""address"": ""210 UNIVERSITY BLVD, SUITE 650, DENVER, CO, 80206, United States"", ""entity_type"": ""IAPD: ACTIVE"", ""crd"": ""156310""}"
FAMILYWEALTH ASSET MANAGEMENT,,"255 PRIMERA BLVD, SUITE 160, LAKE MARY, FL, 32746, United States",IAPD,https://adviserinfo.sec.gov/firm/summary/147869,IAPD: ACTIVE,,"{""entity_name"": ""FAMILYWEALTH ASSET MANAGEMENT"", ""address"": ""255 PRIMERA BLVD, SUITE 160, LAKE MARY, FL, 32746, United States"", ""entity_type"": ""IAPD: ACTIVE"", ""crd"": ""147869""}"
"MERIWETHER FAMILY OFFICE, LLC",,"2001 NW 19TH, SUITE 103 B, PORTLAND, OR, 97209, United States",IAPD,https://adviserinfo.sec.gov/firm/summary/166010,IAPD: ACTIVE,,"{""entity_name"": ""MERIWETHER FAMILY OFFICE, LLC"", ""address"": ""2001 NW 19TH, SUITE 103 B, PORTLAND, OR, 97209, United States"", ""entity_type"": ""IAPD: ACTIVE"", ""crd"": ""166010""}"
MUTUAL TRUST ADVISORY GROUP,,"23190 FASHION DRIVE, SUITE P203, ESTERO, FL, 33928, United States",IAPD,https://adviserinfo.sec.gov/firm/summary/277060,IAPD: ACTIVE,,"{""entity_name"": ""MUTUAL TRUST ADVISORY GROUP"", ""address"": ""23190 FASHION DRIVE, SUITE P203, ESTERO, FL, 33928, United States"", ""entity_type"": ""IAPD: ACTIVE"", ""crd"": ""277060""}"
CORIENT SHC WEALTH MANAGEMENT (US) LP,,"TWO LIBERTY PLACE, FLOOR 34, PHILADELPHIA, PA, 19102, United States",IAPD,https://adviserinfo.sec.gov/firm/summary/151225,IAPD: ACTIVE,,"{""entity_name"": ""CORIENT SHC WEALTH MANAGEMENT (US) LP"", ""address"": ""TWO LIBERTY PLACE, FLOOR 34, PHILADELPHIA, PA, 19102, United States"", ""entity_type"": ""IAPD: ACTIVE"", ""crd"": ""151225""}"
361 CAPITAL LLC,,"4600 SOUTH SYRACUSE STREET, SUITE 500, DENVER, CO, 80237, United States",IAPD,https://adviserinfo.sec.gov/firm/summary/118203,IAPD: INACTIVE,,"{""entity_name"": ""361 CAPITAL LLC"", ""address"": ""4600 SOUTH SYRACUSE STREET, SUITE 500, DENVER, CO, 80237, United States"", ""entity_type"": ""IAPD: INACTIVE"", ""crd"": ""118203""}"
"IFG ADVISORY, LLC",,"200 ASHFORD CENTER NORTH, SUITE 400, ATLANTA, GA, 30338, United States",IAPD,https://adviserinfo.sec.gov/firm/summary/168012,IAPD: ACTIVE,,"{""entity_name"": ""IFG ADVISORY, LLC"", ""address"": ""200 ASHFORD CENTER NORTH, SUITE 400, ATLANTA, GA, 30338, United States"", ""entity_type"": ""IAPD: ACTIVE"", ""crd"": ""168012""}"
CAPTRUST,,"4208 SIX FORKS RD, SUITE 1700, RALEIGH, NC, 27609, United States",IAPD,https://adviserinfo.sec.gov/firm/summary/175112,IAPD: ACTIVE,,"{""entity_name"": ""CAPTRUST"", ""address"": ""4208 SIX FORKS RD, SUITE 1700, RALEIGH, NC, 27609, United States"", ""entity_type"": ""IAPD: ACTIVE"", ""crd"": ""175112""}"
"GOOD LIFE ADVISORS, LLC",,"1420 CELEBRATION BLVD., SUITE 109, CELEBRATION, FL, 34747, United States",IAPD,https://adviserinfo.sec.gov/firm/summary/171898,IAPD: ACTIVE,,"{""entity_name"": ""GOOD LIFE ADVISORS, LLC"", ""address"": ""1420 CELEBRATION BLVD., SUITE 109, CELEBRATION, FL, 34747, United States"", ""entity_type"": ""IAPD: ACTIVE"", ""crd"": ""171898""}"
DYNAMIC,,"2415 EAST CAMELBACK ROAD, SUITE 700, PHOENIX, AZ, 85016, United States",IAPD,https://adviserinfo.sec.gov/firm/summary/151367,IAPD: ACTIVE,,"{""entity_name"": ""DYNAMIC"", ""address"": ""2415 EAST CAMELBACK ROAD, SUITE 700, PHOENIX, AZ, 85016, United States"", ""entity_type"": ""IAPD: ACTIVE"", ""crd"": ""151367""}"
"SILVER OAK SECURITIES, INCORPORATED",,"403 N. PARKWAY, STE. 101, JACKSON, TN, 38305, United States",IAPD,https://adviserinfo.sec.gov/firm/summary/46947,IAPD: ACTIVE,,"{""entity_name"": ""SILVER OAK SECURITIES, INCORPORATED"", ""address"": ""403 N. PARKWAY, STE. 101, JACKSON, TN, 38305, United States"", ""entity_type"": ""IAPD: ACTIVE"", ""crd"": ""46947""}"
NEWEDGE ADVISORS,,"858 CAMP STREET, NEW ORLEANS, LA, 70130, United States",IAPD,https://adviserinfo.sec.gov/firm/summary/171351,IAPD: ACTIVE,,"{""entity_name"": ""NEWEDGE ADVISORS"", ""address"": ""858 CAMP STREET, NEW ORLEANS, LA, 70130, United States"", ""entity_type"": ""IAPD: ACTIVE"", ""crd"": ""171351""}"
SIMPLICITY WEALTH,,"475 SPRINGFIELD AVE., SUITE #1, SUMMIT, NJ, 07901, United States",IAPD,https://adviserinfo.sec.gov/firm/summary/300572,IAPD: ACTIVE,,"{""entity_name"": ""SIMPLICITY WEALTH"", ""address"": ""475 SPRINGFIELD AVE., SUITE #1, SUMMIT, NJ, 07901, United States"", ""entity_type"": ""IAPD: ACTIVE"", ""crd"": ""300572""}"
ADVISORY SERVICES NETWORK,,"900 ASHWOOD PARKWAY, SUITE 500, ATLANTA, GA, 30338, United States",IAPD,https://adviserinfo.sec.gov/firm/summary/146051,IAPD: ACTIVE,,"{""entity_name"": ""ADVISORY SERVICES NETWORK"", ""address"": ""900 ASHWOOD PARKWAY, SUITE 500, ATLANTA, GA, 30338, United States"", ""entity_type"": ""IAPD: ACTIVE"", ""crd"": ""146051""}"
FSC SECURITIES CORPORATION,,"2300 WINDY RIDGE PKWY, SUITE 750, ATLANTA, GA, 30339, United States",IAPD,https://adviserinfo.sec.gov/firm/summary/7461,IAPD: INACTIVE,,"{""entity_name"": ""FSC SECURITIES CORPORATION"", ""address"": ""2300 WINDY RIDGE PKWY, SUITE 750, ATLANTA, GA, 30339, United States"", ""entity_type"": ""IAPD: INACTIVE"", ""crd"": ""7461""}"
